EmployeeID,Name,Department,ExperienceYears,Salary,City,Performance
1001,Employee_1,Sales,2,55000,Delhi,Good
1002,Employee_2,HR,3,60000,Mumbai,Average
1003,Employee_3,Finance,4,65000,Hyderabad,Excellent
1004,Employee_4,Support,5,70000,Pune,Good
1005,Employee_5,Engineering,6,75000,Bengaluru,Average
1006,Employee_6,Sales,7,80000,Delhi,Excellent
1007,Employee_7,HR,8,85000,Mumbai,Good
1008,Employee_8,Finance,9,90000,Hyderabad,Average
1009,Employee_9,Support,10,95000,Pune,Excellent
1010,Employee_10,Engineering,11,100000,Bengaluru,Good
1011,Employee_11,Sales,12,105000,Delhi,Average
1012,Employee_12,HR,13,110000,Mumbai,Excellent
1013,Employee_13,Finance,14,115000,Hyderabad,Good
1014,Employee_14,Support,15,120000,Pune,Average
1015,Employee_15,Engineering,1,125000,Bengaluru,Excellent
1016,Employee_16,Sales,2,130000,Delhi,Good
1017,Employee_17,HR,3,135000,Mumbai,Average
1018,Employee_18,Finance,4,140000,Hyderabad,Excellent
1019,Employee_19,Support,5,145000,Pune,Good
1020,Employee_20,Engineering,6,50000,Bengaluru,Average
1021,Employee_21,Sales,7,55000,Delhi,Excellent
1022,Employee_22,HR,8,60000,Mumbai,Good
1023,Employee_23,Finance,9,65000,Hyderabad,Average
1024,Employee_24,Support,10,70000,Pune,Excellent
1025,Employee_25,Engineering,11,75000,Bengaluru,Good
1026,Employee_26,Sales,12,80000,Delhi,Average
1027,Employee_27,HR,13,85000,Mumbai,Excellent
1028,Employee_28,Finance,14,90000,Hyderabad,Good
1029,Employee_29,Support,15,95000,Pune,Average
1030,Employee_30,Engineering,1,100000,Bengaluru,Excellent
1031,Employee_31,Sales,2,105000,Delhi,Good
1032,Employee_32,HR,3,110000,Mumbai,Average
1033,Employee_33,Finance,4,115000,Hyderabad,Excellent
1034,Employee_34,Support,5,120000,Pune,Good
1035,Employee_35,Engineering,6,125000,Bengaluru,Average
1036,Employee_36,Sales,7,130000,Delhi,Excellent
1037,Employee_37,HR,8,135000,Mumbai,Good
1038,Employee_38,Finance,9,140000,Hyderabad,Average
1039,Employee_39,Support,10,145000,Pune,Excellent
1040,Employee_40,Engineering,11,50000,Bengaluru,Good
1041,Employee_41,Sales,12,55000,Delhi,Average
1042,Employee_42,HR,13,60000,Mumbai,Excellent
1043,Employee_43,Finance,14,65000,Hyderabad,Good
1044,Employee_44,Support,15,70000,Pune,Average
1045,Employee_45,Engineering,1,75000,Bengaluru,Excellent
1046,Employee_46,Sales,2,80000,Delhi,Good
1047,Employee_47,HR,3,85000,Mumbai,Average
1048,Employee_48,Finance,4,90000,Hyderabad,Excellent
1049,Employee_49,Support,5,95000,Pune,Good
1050,Employee_50,Engineering,6,100000,Bengaluru,Average
1051,Employee_51,Sales,7,105000,Delhi,Excellent
1052,Employee_52,HR,8,110000,Mumbai,Good
1053,Employee_53,Finance,9,115000,Hyderabad,Average
1054,Employee_54,Support,10,120000,Pune,Excellent
1055,Employee_55,Engineering,11,125000,Bengaluru,Good
1056,Employee_56,Sales,12,130000,Delhi,Average
1057,Employee_57,HR,13,135000,Mumbai,Excellent
1058,Employee_58,Finance,14,140000,Hyderabad,Good
1059,Employee_59,Support,15,145000,Pune,Average
1060,Employee_60,Engineering,1,50000,Bengaluru,Excellent
1061,Employee_61,Sales,2,55000,Delhi,Good
1062,Employee_62,HR,3,60000,Mumbai,Average
1063,Employee_63,Finance,4,65000,Hyderabad,Excellent
1064,Employee_64,Support,5,70000,Pune,Good
1065,Employee_65,Engineering,6,75000,Bengaluru,Average
1066,Employee_66,Sales,7,80000,Delhi,Excellent
1067,Employee_67,HR,8,85000,Mumbai,Good
1068,Employee_68,Finance,9,90000,Hyderabad,Average
1069,Employee_69,Support,10,95000,Pune,Excellent
1070,Employee_70,Engineering,11,100000,Bengaluru,Good
1071,Employee_71,Sales,12,105000,Delhi,Average
1072,Employee_72,HR,13,110000,Mumbai,Excellent
1073,Employee_73,Finance,14,115000,Hyderabad,Good
1074,Employee_74,Support,15,120000,Pune,Average
1075,Employee_75,Engineering,1,125000,Bengaluru,Excellent
1076,Employee_76,Sales,2,130000,Delhi,Good
1077,Employee_77,HR,3,135000,Mumbai,Average
1078,Employee_78,Finance,4,140000,Hyderabad,Excellent
1079,Employee_79,Support,5,145000,Pune,Good
1080,Employee_80,Engineering,6,50000,Bengaluru,Average
1081,Employee_81,Sales,7,55000,Delhi,Excellent
1082,Employee_82,HR,8,60000,Mumbai,Good
1083,Employee_83,Finance,9,65000,Hyderabad,Average
1084,Employee_84,Support,10,70000,Pune,Excellent
1085,Employee_85,Engineering,11,75000,Bengaluru,Good
1086,Employee_86,Sales,12,80000,Delhi,Average
1087,Employee_87,HR,13,85000,Mumbai,Excellent
1088,Employee_88,Finance,14,90000,Hyderabad,Good
1089,Employee_89,Support,15,95000,Pune,Average
1090,Employee_90,Engineering,1,100000,Bengaluru,Excellent
1091,Employee_91,Sales,2,105000,Delhi,Good
1092,Employee_92,HR,3,110000,Mumbai,Average
1093,Employee_93,Finance,4,115000,Hyderabad,Excellent
1094,Employee_94,Support,5,120000,Pune,Good
1095,Employee_95,Engineering,6,125000,Bengaluru,Average
1096,Employee_96,Sales,7,130000,Delhi,Excellent
1097,Employee_97,HR,8,135000,Mumbai,Good
1098,Employee_98,Finance,9,140000,Hyderabad,Average
1099,Employee_99,Support,10,145000,Pune,Excellent
1100,Employee_100,Engineering,11,50000,Bengaluru,Good
1101,Employee_101,Sales,12,55000,Delhi,Average
1102,Employee_102,HR,13,60000,Mumbai,Excellent
1103,Employee_103,Finance,14,65000,Hyderabad,Good
1104,Employee_104,Support,15,70000,Pune,Average
1105,Employee_105,Engineering,1,75000,Bengaluru,Excellent
1106,Employee_106,Sales,2,80000,Delhi,Good
1107,Employee_107,HR,3,85000,Mumbai,Average
1108,Employee_108,Finance,4,90000,Hyderabad,Excellent
1109,Employee_109,Support,5,95000,Pune,Good
1110,Employee_110,Engineering,6,100000,Bengaluru,Average
1111,Employee_111,Sales,7,105000,Delhi,Excellent
1112,Employee_112,HR,8,110000,Mumbai,Good
1113,Employee_113,Finance,9,115000,Hyderabad,Average
1114,Employee_114,Support,10,120000,Pune,Excellent
1115,Employee_115,Engineering,11,125000,Bengaluru,Good
1116,Employee_116,Sales,12,130000,Delhi,Average
1117,Employee_117,HR,13,135000,Mumbai,Excellent
1118,Employee_118,Finance,14,140000,Hyderabad,Good
1119,Employee_119,Support,15,145000,Pune,Average
1120,Employee_120,Engineering,1,50000,Bengaluru,Excellent
1121,Employee_121,Sales,2,55000,Delhi,Good
1122,Employee_122,HR,3,60000,Mumbai,Average
1123,Employee_123,Finance,4,65000,Hyderabad,Excellent
1124,Employee_124,Support,5,70000,Pune,Good
1125,Employee_125,Engineering,6,75000,Bengaluru,Average
1126,Employee_126,Sales,7,80000,Delhi,Excellent
1127,Employee_127,HR,8,85000,Mumbai,Good
1128,Employee_128,Finance,9,90000,Hyderabad,Average
1129,Employee_129,Support,10,95000,Pune,Excellent
1130,Employee_130,Engineering,11,100000,Bengaluru,Good
1131,Employee_131,Sales,12,105000,Delhi,Average
1132,Employee_132,HR,13,110000,Mumbai,Excellent
1133,Employee_133,Finance,14,115000,Hyderabad,Good
1134,Employee_134,Support,15,120000,Pune,Average
1135,Employee_135,Engineering,1,125000,Bengaluru,Excellent
1136,Employee_136,Sales,2,130000,Delhi,Good
1137,Employee_137,HR,3,135000,Mumbai,Average
1138,Employee_138,Finance,4,140000,Hyderabad,Excellent
1139,Employee_139,Support,5,145000,Pune,Good
1140,Employee_140,Engineering,6,50000,Bengaluru,Average
1141,Employee_141,Sales,7,55000,Delhi,Excellent
1142,Employee_142,HR,8,60000,Mumbai,Good
1143,Employee_143,Finance,9,65000,Hyderabad,Average
1144,Employee_144,Support,10,70000,Pune,Excellent
1145,Employee_145,Engineering,11,75000,Bengaluru,Good
1146,Employee_146,Sales,12,80000,Delhi,Average
1147,Employee_147,HR,13,85000,Mumbai,Excellent
1148,Employee_148,Finance,14,90000,Hyderabad,Good
1149,Employee_149,Support,15,95000,Pune,Average
1150,Employee_150,Engineering,1,100000,Bengaluru,Excellent
1151,Employee_151,Sales,2,105000,Delhi,Good
1152,Employee_152,HR,3,110000,Mumbai,Average
1153,Employee_153,Finance,4,115000,Hyderabad,Excellent
1154,Employee_154,Support,5,120000,Pune,Good
1155,Employee_155,Engineering,6,125000,Bengaluru,Average
1156,Employee_156,Sales,7,130000,Delhi,Excellent
1157,Employee_157,HR,8,135000,Mumbai,Good
1158,Employee_158,Finance,9,140000,Hyderabad,Average
1159,Employee_159,Support,10,145000,Pune,Excellent
1160,Employee_160,Engineering,11,50000,Bengaluru,Good
1161,Employee_161,Sales,12,55000,Delhi,Average
1162,Employee_162,HR,13,60000,Mumbai,Excellent
1163,Employee_163,Finance,14,65000,Hyderabad,Good
1164,Employee_164,Support,15,70000,Pune,Average
1165,Employee_165,Engineering,1,75000,Bengaluru,Excellent
1166,Employee_166,Sales,2,80000,Delhi,Good
1167,Employee_167,HR,3,85000,Mumbai,Average
1168,Employee_168,Finance,4,90000,Hyderabad,Excellent
1169,Employee_169,Support,5,95000,Pune,Good
1170,Employee_170,Engineering,6,100000,Bengaluru,Average
1171,Employee_171,Sales,7,105000,Delhi,Excellent
1172,Employee_172,HR,8,110000,Mumbai,Good
1173,Employee_173,Finance,9,115000,Hyderabad,Average
1174,Employee_174,Support,10,120000,Pune,Excellent
1175,Employee_175,Engineering,11,125000,Bengaluru,Good
1176,Employee_176,Sales,12,130000,Delhi,Average
1177,Employee_177,HR,13,135000,Mumbai,Excellent
1178,Employee_178,Finance,14,140000,Hyderabad,Good
1179,Employee_179,Support,15,145000,Pune,Average
1180,Employee_180,Engineering,1,50000,Bengaluru,Excellent
1181,Employee_181,Sales,2,55000,Delhi,Good
1182,Employee_182,HR,3,60000,Mumbai,Average
1183,Employee_183,Finance,4,65000,Hyderabad,Excellent
1184,Employee_184,Support,5,70000,Pune,Good
1185,Employee_185,Engineering,6,75000,Bengaluru,Average
1186,Employee_186,Sales,7,80000,Delhi,Excellent
1187,Employee_187,HR,8,85000,Mumbai,Good
1188,Employee_188,Finance,9,90000,Hyderabad,Average
1189,Employee_189,Support,10,95000,Pune,Excellent
1190,Employee_190,Engineering,11,100000,Bengaluru,Good
1191,Employee_191,Sales,12,105000,Delhi,Average
1192,Employee_192,HR,13,110000,Mumbai,Excellent
1193,Employee_193,Finance,14,115000,Hyderabad,Good
1194,Employee_194,Support,15,120000,Pune,Average
1195,Employee_195,Engineering,1,125000,Bengaluru,Excellent
1196,Employee_196,Sales,2,130000,Delhi,Good
1197,Employee_197,HR,3,135000,Mumbai,Average
1198,Employee_198,Finance,4,140000,Hyderabad,Excellent
1199,Employee_199,Support,5,145000,Pune,Good
1200,Employee_200,Engineering,6,50000,Bengaluru,Average
